Site,Mammal_dNdS,ADRP_substitutions
1,0.04,
2,0.09,
3,0.10,
4,0.22,T4K
5,0.08,
6,0.01,
7,0.11,
8,0.09,
9,0.10,
10,0.05,
11,0.94,
12,0.04,
13,0.03,
14,0.04,
15,0.10,N15S
16,0.04,
17,0.10,S17M
18,0.03,
19,2.45,
20,0.05,
21,0.12,
22,0.04,
23,0.04,P23L/H
24,2.08,
25,0.02,
26,0.91,
27,0.04,
28,0.05,
29,0.11,
30,0.11,
31,0.14,
32,0.09,
33,0.36,
34,0.09,
35,0.05,
36,0.79,
37,0.91,
38,0.11,
39,0.22,
40,0.06,L40R
41,0.84,
42,0.01,
43,0.05,
44,0.03,M44T
45,0.09,C45L
46,0.41,M46R
47,0.08,
48,0.10,
49,0.06,
50,0.35,
51,0.05,C51R/V/A
52,0.26,
53,0.03,P53R
54,0.27,
55,0.04,
56,0.29,
57,0.73,
58,0.04,T58R
59,0.04,
60,0.94,
61,0.05,
62,0.11,
63,0.04,
64,0.10,
65,0.10,
66,0.07,
67,0.04,
68,0.12,
69,0.08,
70,0.04,
71,0.22,
72,0.06,
73,0.04,
74,0.95,
75,0.11,
76,0.05,
77,0.16,
78,0.09,
79,0.14,
80,0.04,
81,0.92,
82,0.04,
83,0.95,
84,0.06,
85,0.04,
86,0.03,
87,0.04,V87D
88,1.04,
89,0.74,C89D
90,0.04,D90D
91,0.10,
92,0.61,
93,0.04,
94,0.04,
95,0.03,
96,0.03,
97,0.04,
98,0.04,
99,0.03,
100,0.09,
101,0.10,
102,0.11,
103,0.02,
104,2.63,
105,0.04,
106,0.04,E106R/W
107,0.83,
108,0.65,
109,0.10,S109R
110,0.10,C110Y/F
111,0.10,
112,2.60,
113,0.08,
114,0.12,G114D/V
115,0.10,
116,0.04,
117,0.04,
118,0.04,
119,0.95,
120,0.04,
121,0.11,
122,0.04,
123,0.28,
124,0.84,
125,0.11,L125R
126,0.05,
127,0.11,A127F
128,0.04,
129,0.04,
130,0.30,
131,0.08,L131P
132,0.04,
133,1.97,
134,0.08,
135,0.08,R135G/W/L/P
136,0.05,
137,0.04,I137M
138,0.04,
139,0.05,
140,0.04,C140S
141,0.07,
142,0.11,
143,0.12,
144,0.04,
145,0.03,
146,0.10,
147,0.11,
148,0.05,
149,0.04,
150,0.44,S150K
151,0.10,
152,0.01,
153,0.04,
154,1.05,
155,1.10,
156,0.04,
157,0.42,
158,0.95,
159,2.49,
160,0.04,
161,0.05,
162,0.11,
163,0.03,
164,0.04,A164V/E
165,0.14,
166,2.37,
167,0.09,C167R/W
168,0.19,
169,2.70,
170,0.04,
171,0.10,P171E/S/L/Q
172,0.06,
173,2.57,
174,0.05,G174S
175,0.05,
176,0.04,
177,0.03,
178,0.05,Y178N/C
179,0.04,
180,0.09,P180A
181,0.08,E181K
182,0.02,G182S
183,0.03,
184,0.05,Q184P/W
185,0.85,C185Y
186,0.11,S186R/E
187,0.09,
188,0.10,G188N
189,2.65,
190,0.09,D190N/G/Y
191,0.05,
192,0.05,
193,0.01,T193M
194,0.04,
195,0.94,
196,0.09,
197,0.08,
198,0.79,
199,2.18,
200,0.04,
201,0.26,
202,0.04,
203,0.97,
204,0.12,
205,0.04,
206,0.05,
207,0.03,M207R
208,0.04,
209,2.21,I209M
210,0.98,
211,0.04,H211R/P
212,0.09,
213,0.96,
214,0.91,
215,0.04,P215T
216,0.47,
217,0.13,
218,1.09,
219,0.11,
220,0.29,I220C
221,0.05,
222,0.10,C222R
223,0.01,
224,0.04,
225,0.24,
226,0.04,
227,2.87,
228,0.05,
229,0.83,
230,0.04,
231,0.08,
232,0.45,
233,0.03,
234,0.04,
235,0.10,
236,0.05,
237,0.10,
238,0.05,
239,0.13,
240,0.04,
241,0.59,
242,0.04,
243,0.04,
244,0.05,
245,0.07,
246,0.04,
247,0.07,
248,0.91,
249,0.04,
250,0.05,
251,0.04,
252,0.04,
253,0.03,
254,0.04,
255,2.66,
256,0.30,
257,0.03,
258,0.10,
259,0.97,
260,0.59,
261,0.10,
262,0.04,
263,2.64,
264,0.04,
265,0.05,
266,1.01,
267,0.04,P267L/R
268,0.04,
269,0.04,
270,0.85,Y270R
271,0.10,
272,0.10,
273,0.10,
274,0.04,
275,0.04,
276,0.04,
277,0.10,
278,0.09,
279,0.10,
280,0.04,
281,0.11,
282,0.04,
283,0.09,
284,0.05,G284S
285,0.10,
286,0.12,
287,0.09,
288,0.03,
289,0.04,A289P
290,1.09,
291,0.00,
292,2.88,
293,0.10,
294,0.09,
295,0.04,
296,0.04,K296E/M
297,0.04,S297R
298,0.11,
299,0.53,
300,2.37,
301,0.12,
302,0.02,
303,0.04,
304,0.26,
305,0.10,
306,0.05,
307,0.11,
308,0.82,
309,1.46,
310,0.10,
311,0.92,
312,0.10,
313,0.10,
314,0.04,
315,0.04,
316,0.10,
317,0.03,
318,2.60,
319,0.04,
320,0.03,
321,0.13,
322,0.01,
323,0.05,
324,0.10,
325,0.07,
326,0.03,
327,0.11,
328,0.15,
329,0.79,
330,1.51,
331,0.82,
332,0.11,
333,0.11,
334,0.06,
335,2.04,
336,0.06,
337,0.96,
338,0.89,
339,0.06,
340,0.12,
341,0.13,
342,0.15,
343,0.08,
344,0.09,
345,0.08,
346,0.13,
347,0.07,
348,1.05,