Site,RMSD_1U19_vs_3PQR,Distance_to_chromophore_1U19
1,NA,23.417
2,1.55986,21.588
3,1.72015,20.036
4,1.00982,18.609
5,0.954791,18.498
6,1.17135,18.384
7,1.06783,17.591
8,1.48004,14.213
9,0.995455,14.732
10,0.921051,14.146
11,0.898558,16.184
12,1.04767,14.551
13,1.08669,18.438
14,0.710436,21.938
15,0.736001,24.389
16,0.838684,26.861
17,0.864911,26.708
18,0.644292,26.795
19,0.797153,23.123
20,0.903742,20.455
21,0.792846,18.908
22,0.958568,17.752
23,0.764701,14.187
24,0.599967,13.137
25,0.737843,18.632
26,0.665287,18.062
27,0.612405,18.184
28,0.452203,15.29
29,0.446409,17.651
30,0.275268,18.795
31,0.426562,15.021
32,0.478596,16.244
33,0.809784,17.665
34,0.628981,17.943
35,0.317057,17.391
36,0.675045,13.869
37,0.641861,13.527
38,0.264855,15.334
39,0.740912,13.242
40,0.875413,9.572
41,0.494412,11.959
42,0.567888,13.568
43,1.21528,7.897
44,1.11223,6.757
45,0.550509,12.236
46,1.54473,13.615
47,1.95079,8.153
48,1.31685,11.713
49,1.51478,15.094
50,2.10404,15.924
51,1.97315,14.3
52,1.23181,15.655
53,1.22398,18.484
54,1.61916,16.987
55,1.46597,14.72
56,0.765708,19.526
57,0.753439,22.082
58,0.78439,19.866
59,0.501818,21.196
60,0.518809,23.992
61,0.925866,25.822
62,0.842872,22.859
63,1.35622,25.077
64,2.3756,28.457
65,1.82514,29.213
66,1.2671,30.883
67,1.36005,29.032
68,1.43654,26.005
69,0.986981,25.949
70,2.95505,23.153
71,3.55716,20.332
72,4.4016,18.922
73,4.17076,20.665
74,1.64819,18.207
75,1.2949,14.912
76,1.38289,16.82
77,1.36419,16.906
78,0.60289,13.832
79,0.43379,12.232
80,1.07395,15.077
81,0.948076,14.578
82,0.833758,11.118
83,1.10672,11.049
84,1.18912,13.835
85,1.26353,11.124
86,1.35049,6.862
87,1.22424,10.401
88,0.884846,12.445
89,1.14855,10.496
90,1.88162,8.093
91,2.07865,5.701
92,1.52987,10.249
93,1.67257,9.704
94,1.26018,6.135
95,0.884175,9.632
96,0.971934,12.268
97,0.992075,10.685
98,0.995733,9.614
99,0.349494,13.707
100,0.76761,15.487
101,0.646451,14.653
102,0.627756,13.821
103,0.470559,8.511
104,0.511298,15.27
105,0.664449,14.635
106,0.498192,13.699
107,0.828446,12.387
108,1.61074,12.158
109,2.4563,9.713
110,2.66864,7.621
111,1.93424,8.441
112,2.12595,7.913
113,2.99949,3.811
114,2.88558,4.237
115,1.93268,6.291
116,1.75331,6.686
117,2.23119,3.494
118,2.22727,3.396
119,1.37091,6.808
120,1.11506,6.085
121,1.6592,3.789
122,1.75677,3.845
123,1.416,6.71
124,1.17472,7.046
125,1.80565,4.329
126,1.87793,8.346
127,1.13988,10.79
128,1.24251,8.683
129,1.92865,10.652
130,1.94822,14.185
131,1.20183,15.249
132,1.65123,15.01
133,1.83385,17.325
134,1.37265,19.693
135,1.37408,19.881
136,1.74245,21.272
137,1.5504,23.064
138,1.23291,24.798
139,2.37661,24.788
140,2.59433,25.128
141,1.72855,27.741
142,0.478947,26.697
143,1.59201,29.893
144,2.5569,33.418
145,3.19768,33.951
146,3.00231,27.111
147,1.62337,29.078
148,1.52539,21.913
149,0.899645,25.854
150,1.08942,24.829
151,2.0368,24.527
152,1.74531,21.828
153,0.896294,20.117
154,0.7176,20.471
155,1.16064,18.809
156,1.06647,15.845
157,0.276882,15.275
158,0.58251,15.938
159,0.954544,13.985
160,0.658574,11.04
161,0.445162,13.013
162,0.613497,13.245
163,0.642116,10.102
164,0.347819,8.843
165,0.782586,10.727
166,1.10306,10.898
167,0.878717,6.235
168,0.3783,7.61
169,1.11213,9.694
170,1.38767,10.532
171,1.24162,7.588
172,0.997192,11.181
173,1.30271,13.732
174,1.96687,14.605
175,2.14216,10.77
176,1.73283,8.54
177,0.977412,8.022
178,0.621387,5.152
179,0.821424,7.623
180,1.06933,9.121
181,1.25022,4.956
182,1.44637,9.669
183,1.45197,10.503
184,1.19929,9.859
185,1.1034,7.008
186,1.60665,4.069
187,2.16658,3.2
188,1.63673,3.984
189,1.46317,3.621
190,1.09267,7.111
191,0.965619,3.427
192,1.83145,9.47
193,2.88413,13.41
194,2.42449,15.716
195,2.58102,15.785
196,2.27635,18.11
197,1.97389,18.315
198,1.77028,14.185
199,1.74247,13.533
200,1.86932,11.652
201,1.68377,12.173
202,1.59332,11.306
203,1.78013,7.039
204,1.48556,6.964
205,1.48264,8.751
206,1.26425,7.845
207,1.2108,3.5
208,1.01492,4.209
209,1.02264,7.202
210,1.00423,7.954
211,1.04523,4.134
212,1.12601,3.465
213,1.12794,6.937
214,1.06413,9.181
215,1.04122,7.963
216,1.34605,5.97
217,0.907361,10.769
218,0.916474,12.843
219,1.19176,9.891
220,1.13788,10.9
221,1.21876,15.584
222,1.71554,17.345
223,1.90477,16.945
224,2.60431,19.319
225,2.65131,21.552
226,1.97882,21.99
227,2.37734,23.688
228,3.60667,26.302
229,2.25548,26.588
230,1.38765,24.909
231,1.44621,25.656
232,4.55155,22.006
233,11.2513,28.014
234,10.5393,29.334
235,7.787,32.894
236,11.4192,35.429
237,15.9915,36.223
238,13.2718,35.772
239,10.4076,33.685
240,7.92527,36.198
241,5.63593,34.927
242,9.56222,33.123
243,5.9924,31.237
244,8.69816,30.471
245,9.90899,30.268
246,6.74923,27.659
247,6.09941,25.112
248,8.97106,24.945
249,7.664,23.215
250,5.34111,20.587
251,6.57452,19.513
252,7.32186,19.231
253,5.23861,16.925
254,4.16328,14.885
255,5.66847,14.848
256,5.05365,14.194
257,2.6353,11.134
258,3.20387,10.196
259,3.47451,11.169
260,2.42228,9.923
261,1.7513,3.707
262,2.48899,7.672
263,1.59742,9.739
264,0.724867,7.19
265,1.67857,3.563
266,1.68758,6.537
267,0.900143,7.598
268,1.49253,3.632
269,2.44665,3.495
270,2.3037,5.877
271,1.62986,7.679
272,1.80269,4.789
273,2.72264,6.654
274,2.73104,9.277
275,2.16641,10.741
276,2.65923,9.894
277,3.62402,12.317
278,3.57726,14.504
279,3.29038,13.944
280,4.24209,17.626
281,3.1743,17.355
282,1.71223,19.62
283,1.36567,14.548
284,1.76793,14.347
285,1.30533,11.62
286,1.09701,11.947
287,1.38542,11.038
288,1.32156,6.851
289,0.902058,7.18
290,1.41977,7.988
291,2.37369,5.634
292,2.58513,3.375
293,1.50603,4.915
294,2.69526,6.648
295,3.45824,4.729
296,2.12983,1.344
297,1.11663,7.684
298,0.947357,7.38
299,1.76929,9.634
300,1.56141,12.068
301,1.84492,9.146
302,1.48078,11.175
303,2.04155,15.464
304,1.95695,18.114
305,1.47674,15.054
306,1.72319,19.338
307,3.4765,21.842
308,4.52073,22.96
309,3.96279,20.365
310,1.90516,23.863
311,1.53088,27.208
312,1.48994,28.352
313,1.54564,23.028
314,1.46952,26.944
315,0.91924,29.805
316,0.939259,30
317,1.7674,25.917
318,1.89931,30.411
319,1.86235,32.726
320,2.06343,30.383
321,2.15689,28.642
322,2.4965,34.088
323,3.1269,35.274
324,3.18279,37.192
325,2.6502,37.888
326,3.22255,37.9
327,3.52175,36.9
328,NA,38.616
329,NA,37.57
330,NA,37.178
331,NA,35.077
332,NA,31.677
333,NA,35.872
334,NA,34.187
335,NA,32.477
336,NA,32.669
337,NA,32.976
338,NA,33.451
339,NA,31.373
340,NA,36.621
341,NA,35.596
342,NA,36.557
343,NA,35.86
344,NA,38.359
345,NA,36.623
346,NA,38.748
347,NA,37.029
348,NA,39.464